Currect Access,Name,Access Level,Requested Access Level
OK as of: 2019-07-30,Ann Roberts,1,
OK as of: 2019-07-30,Herman Hesse,5,
OK as of: 2019-07-30,Jaques Pepin,1,
UPCOMING as of:2019-07-30,Joshua Smith,,2
UPCOMING as of:2019-07-30,Martin Williams,,2
REVIEW as of:2019-07-30,Mary Guidry,3,1
OK as of: 2019-07-30,Megan Rapinoe,1,
UPCOMING as of:2019-07-30,Melvin Breaux,,3
OK as of: 2019-07-30,Richard Bobby,3,
OK as of: 2019-07-30,Richard Nixon,1,
OK as of: 2019-07-30,Robert Goulet,2,
OK as of: 2019-07-30,Shaun White,2,
OK as of: 2019-07-30,Shirly Wiltz,4,
OK as of: 2019-07-30,Terrance Delpit,4,4
